菜名,食材,链接
家常菜,"白胡椒粉,老抽,玉米淀粉,水,油,生姜,蒜末,干辣椒,老抽,油,盐",https://www.xiachufang.com/category/40076/
小吃,"食用油,蒜末,白芝麻,料酒,生抽,老抽,蚝油,白胡椒粉,蜂蜜",https://www.xiachufang.com/category/40071/
儿童,"莲藕,荷兰豆,胡萝卜,核桃仁,黑木耳,蒜末,盐,白糖,鸡精",https://www.xiachufang.com/category/40073/
【小高姐】青椒牛肉如何炒出嫩滑的牛肉,"清水,姜",https://www.xiachufang.com/category/30048/
鲜嫩多汁❗️好吃到舔手指的照烧小鸡腿,"蒜,辣椒,白芝麻",https://www.xiachufang.com/category/30042/
春季养生清炒时蔬❗️清脆爽口又营养‼️,"蒜瓣,小米辣,糖,盐,香醋,红油,花椒油",https://www.xiachufang.com/category/52353/
熬猪油～雪白不腥、出油量大糕点起酥油,"姜,盐,黑胡椒,料酒,淀粉,白胡椒,大蒜片,大料,生抽",https://www.xiachufang.com/recipe/104558234/
健康低卡凉拌菜——爽口魔芋丝,"牛腩,小土豆,麻椒,八角,桂皮,香叶,草果,干辣椒,葱,姜,大蒜,生抽,耗油,老抽,冰糖",https://www.xiachufang.com/recipe/106161830/
一定要试试的清新爽口凉拌西葫芦,"排骨,葱,姜,料酒,生抽,老抽,冰糖,白芝麻",https://www.xiachufang.com/recipe/106138978/
香煎巴沙鱼（龙利鱼）,"菠菜,胡萝卜,鸡蛋,面粉,盐,鸡精,玉米油,蒜泥,香菜",https://www.xiachufang.com/recipe/104467640/
小土豆烧牛肉，红烧牛腩，好吃到舔盘,"腐竹,木耳,黄瓜,蒜末,辣椒面,熟芝麻,葱花,辣椒油,生抽,香醋,糖,盐,香油,香菜",https://www.xiachufang.com/recipe/104616842/
不炒糖色超简单的糖醋排骨,"竹荪,姜片,料酒,香叶,盐,枸杞",https://www.xiachufang.com/recipe/104693734/
菠菜鸡蛋小方,"小葱,生抽,盐",https://www.xiachufang.com/recipe/104565642/
凉拌（腐竹木耳黄瓜）,"生抽,料酒,糖,蚝油,老抽,小米椒,蒜头,淀粉",https://www.xiachufang.com/recipe/104688868/
竹荪煲鸡汤,"鸡胸肉,料酒,生抽,老抽,蚝油,盐,胡椒粉,淀粉,葱姜蒜,干辣椒,花椒,芝麻",https://www.xiachufang.com/recipe/104658978/
家常小葱豆腐,"对虾,姜,蒜,香葱,白糖,生抽,料酒,盐",https://www.xiachufang.com/recipe/106145674/
超简单的家常下饭菜猪肉末辣炒豆角,"鹌鹑蛋,蟹柳,藕,金针菇,娃娃菜,火锅底料,生抽,大蒜,干辣椒,小葱,白芝麻",https://www.xiachufang.com/recipe/104680333/
麻辣过瘾巨好吃的辣子鸡丁，三碗米饭不够,"腊肠,香芹,红辣椒,姜蒜,生抽,蚝油,白糖",https://www.xiachufang.com/recipe/106157463/
油焖大虾,"茄子,西红柿,青椒,蒜,生抽,糖,淀粉,耗油,盐,鸡蛋,面粉",https://www.xiachufang.com/recipe/104593841/
麻辣香锅,"老姜,大葱,干花椒,蚝油,猪油",https://www.xiachufang.com/recipe/104644719/
㊙️腊味‼️腊肠炒芹菜‼️简单又好吃,,https://www.xiachufang.com/recipe/106129640/
比饭馆好吃的烧茄子,,https://www.xiachufang.com/recipe/266791/
清蒸鲈鱼🐟附去腥秘诀,,https://www.xiachufang.com/recipe/106131620/
